-0.208833,-0.8532977,0.4777779
0.474952,0.383054,0.7922685
-0.0539011,0.1242867,0.9907811
-0.498524,-0.783603,-0.3707293
-0.169796,-0.7326434,0.6590926
0.269666,-0.9003225,0.3416115
-0.62047,-0.3549403,0.6993101
-0.641794,-0.7649328,0.05458329
-0.372716,-0.02640593,0.9275693
-0.0265612,-0.958774,0.2829265
-0.749753,-0.5844736,0.3102589
0.473021,-0.0004197694,0.8810512
-0.0391683,-0.2138693,0.9760771
0.562359,-0.6238955,0.5426842
-0.355082,0.4907879,0.7956408
0.0650844,0.9855942,0.156102
-0.300373,0.6672595,0.6815723
0.0390678,0.8327854,0.5522156
-0.0584154,-0.2856312,0.9565576
0.905499,-0.2039445,0.3721285
0.230861,0.1117657,0.9665461
-0.505466,0.1990618,0.8395709
-0.633039,0.2184277,0.7426656
-0.628622,0.1797654,0.7566496
-0.275815,0.9087963,0.3130744
-0.132388,-0.8941331,0.4277842
-0.0535319,-0.70284,0.709331
-0.439794,0.1991957,0.8757296
-0.526015,0.5549846,0.6444373
0.451055,-0.09378615,0.8875545
-0.707717,-0.0922204,0.7004516
0.648805,-0.2241097,0.727205
0.0155774,0.1673541,0.9857734
-0.630978,0.7669511,-0.1168454
-0.292911,0.9334238,-0.2071798
0.544027,0.8359433,0.07233954
-0.134569,0.434295,0.8906621
0.838506,-0.3942945,0.3760832
-0.0622078,-0.8551246,-0.5146772
0.659787,0.1604528,0.7341226
-0.12494,-0.3495498,0.9285498
0.535326,0.02179093,0.8443644
-0.258256,-0.1711852,0.9507883
0.176806,0.5768026,0.7975203
-0.965622,0.01768204,-0.2593495
0.171524,-0.02255249,0.9849215
-0.0169109,0.1022898,0.9946114
0.547021,0.5464256,0.6341827
0.0450104,-0.5949389,0.8025101
-0.833228,0.4388385,0.3363806
-0.143991,-0.4509823,0.8808418
0.697612,-0.4854332,0.5269653
-0.733163,0.6781276,0.05113121
-0.909234,-0.02875907,0.4152897
0.824201,0.4858722,0.2908971
0.552391,-0.8035893,0.2216036
-0.68553,0.34148,0.6429935
0.527278,-0.1729924,0.8318963
-0.951685,0.1294088,0.2784751
-0.78248,0.5724931,0.2449023
-0.74159,-0.5735257,0.3480138
0.00854816,0.4605889,0.8875719
-0.869615,0.3351601,0.3625442
0.365013,0.712561,0.5991844
0.0548784,0.1772407,0.982636
-0.192189,0.6158653,0.7640501
-0.00409593,0.7386727,0.6740516
0.130839,-0.9887605,-0.0723458
-0.374029,0.8403746,0.3922675
-0.444309,0.4563161,0.7709506
0.839868,-0.1466607,0.5226014
-0.803301,0.1716401,0.5703048
-0.705444,0.6845306,0.1837565
-0.000703961,0.04560998,0.9989591
-0.524657,0.5690874,0.6331465
-0.0115784,-0.1294124,0.9915237
-0.410921,0.1047214,0.9056365
-0.709013,-0.2959923,0.6400705
-0.526722,0.6936109,0.4913937
0.935404,-0.3510802,0.04198759
-0.453515,0.3971295,0.7978793
-0.358998,-0.1937355,0.9130099
0.910625,0.3496346,-0.220268
-0.723685,0.6381857,0.2626773
-0.655299,0.5630568,0.5035381
0.253786,0.7599212,0.5984256
-0.630475,0.3214671,0.7065132
0.969605,0.171473,0.1745383
0.133186,-0.2188655,0.9666227
-0.480668,0.5409927,0.6901349
-0.1569,-0.9874312,0.01904379
-0.180557,-0.3197154,0.9301514
-0.238396,-0.6091291,0.7563921
-0.359577,0.07915673,0.9297519
-0.418183,0.5861806,0.6939127
-0.753617,0.1212161,0.64604
-0.850011,-0.2485633,0.464432
0.349972,0.631712,0.6917074
0.567924,0.6506013,0.5041624
-0.104077,0.7255815,0.6802198
0.43279,-0.7571862,0.4892474
-0.611506,0.100858,0.7847855
0.178653,0.6116277,0.7707102
-0.314094,0.7517444,0.5798495
0.689708,0.007040378,0.7240538
0.469653,-0.2304415,0.8522452
-0.150953,0.3618007,0.9199529
-0.571323,0.640134,0.5136328
-0.845435,0.5051422,0.1734123
-0.292375,-0.9084935,0.2985926
-0.0426663,-0.009639617,0.9990431
-0.454046,0.4682928,0.757987
-0.884483,0.0172059,0.4662554
-0.372217,-0.7494923,0.5474623
-0.277582,0.1087565,0.9545264
-0.0806439,0.5136291,0.8542145
-0.0610515,0.4353154,0.898205
0.231946,0.1419479,0.9623159
-0.599756,-0.02803477,0.7996917
-0.502356,0.5984753,0.6240709
0.729181,-0.6756873,-0.1083616
-0.862559,0.3129179,0.3975858
0.770575,0.06965475,0.6335317
-0.178891,0.4716442,0.8634525
-0.583798,0.7750505,0.2418189
-0.348417,0.8112055,0.4696296
-0.69632,0.4011156,0.5951856
-0.97996,-0.1836666,0.07710095
0.0322888,-0.2275713,0.9732261
0.177126,-0.5532317,0.8139786
0.0113119,-0.6294029,0.7769968
0.363185,-0.0342693,0.9310865
-0.55557,0.8213709,-0.1291937
0.706104,0.1646267,0.688706
0.618882,0.009497669,0.7854273
-0.519974,0.6524249,0.551334
-0.530871,-0.1115507,0.8400784
0.35815,-0.1432337,0.9226119
0.739856,-0.3036858,0.600324
-0.745579,-0.4753402,0.4670809
-0.363011,-0.8482952,0.3855099
-0.362422,-0.3649086,0.8576085
-0.69073,0.5548552,0.4637116
0.942769,0.2212965,-0.2494299
-0.788189,-0.137291,0.5999243
-0.205847,0.1278139,0.970202
0.820333,-0.3998127,-0.4089043
-0.495716,-0.8302015,0.2550115
0.402207,0.0007091835,0.9155481
-0.264579,0.959758,-0.0941412
-0.418852,-0.2665768,0.8680434
-0.831984,-0.1204087,0.5415772
0.36845,0.9246176,0.09657356
-0.402764,0.2637346,0.8764846
0.259886,-0.2405057,0.9352089
0.10451,0.3667175,0.9244435
0.0786205,0.5193283,0.85095
0.981135,-0.1588986,-0.110111
-0.355907,0.8397871,0.4099846
0.710523,0.1132809,0.6944954
-0.934279,0.34049,0.1057782
-0.1339,-0.1813698,0.9742562
0.112604,-0.8222232,0.5579162
0.47487,-0.3165219,0.8211659
0.0812936,-0.002193544,0.9966879
-0.625017,0.4650221,0.6269832
-0.438641,-0.7118378,0.5485259
0.948337,0.06411545,0.310719
-0.12677,0.2849967,0.9501088
0.140138,0.7627769,0.6312947
0.927913,0.1338181,0.3479501
-0.780055,0.603393,0.1656251
0.787115,-0.4651151,0.4051147
-0.875934,0.4017545,0.2670833
0.70496,0.2659647,0.6574904
-0.280634,0.8581737,-0.4298632
-0.696159,-0.669631,0.2587602
0.891905,0.4521292,0.009252222
-0.68584,0.2564134,0.6810843
-0.697539,0.7063477,0.1204651
-0.610762,0.7376881,-0.287726
-0.266783,-0.256381,0.9290299
0.362145,-0.2936721,0.8846509
0.115895,0.3651127,0.9237213
0.660188,0.7113312,-0.2411621
-0.0546774,-0.06380811,0.9964638
0.339305,0.3222802,0.8837459
0.482996,0.08533441,0.8714548
0.24466,0.8573247,0.4529195
0.333863,-0.1089367,0.9363054
-0.282819,0.8975691,0.3382061
0.11604,0.5073478,0.8538935
0.348082,-0.8454275,0.4050816
0.67484,-0.08613726,0.7329196
0.170993,-0.9586111,0.2276547
0.750695,-0.6169326,0.2363299
0.665853,-0.7120467,-0.2227773
-0.875302,0.006936301,0.4835277
0.870591,0.3290178,-0.3658127
0.26197,-0.9606349,-0.09247711
0.290413,-0.1294598,0.948104
0.860606,-0.2173662,0.4605533
-0.5086,0.7676551,0.3899118
-0.52124,0.4073659,0.7499074
-0.979269,-0.08527277,0.1837433
-0.493781,0.624873,0.6047434
-0.368991,0.9109123,0.1846158
-0.877825,-0.2439292,-0.4122148
-0.153524,-0.814559,0.5593964
0.134397,-0.9279533,0.3476204
0.972121,-0.2344467,-0.003869331
0.668007,-0.5028073,0.54859
-0.392739,-0.9196174,-0.007775169
-0.883723,0.4653522,-0.04981596
0.839767,-0.5327899,0.1045322
-0.72275,0.6893553,0.04921154
-0.650253,-0.7477458,0.1343409
-0.591925,0.5211388,0.6148477
-0.959866,0.268792,-0.08005412
0.891531,-0.2076488,-0.4025607
0.478815,-0.4814165,0.7341493
-0.4229,-0.1211724,0.8980386
-0.999849,-0.01707179,0.003378001
-0.167734,0.202185,0.9648762
-0.917179,0.2502256,0.3101137
-0.704211,-0.5478171,-0.4516448
-0.632434,0.3590373,0.6863815
0.482985,-0.8664188,0.1266622
-0.198969,0.4455102,0.8728872
-0.753593,-0.4884054,0.439951
0.387759,0.7771819,0.4956125
0.284545,0.09148745,0.9542876
0.467715,-0.8432777,0.2648128
0.0101407,0.9813221,0.1921047
-0.235964,-0.5951924,0.7681584
-0.204358,0.9781913,-0.03715642
0.68363,0.7141975,0.1502422
0.637648,0.4214818,0.6447944
-0.536169,0.6139468,0.5793041
-0.167025,0.1098559,0.9798133
-0.564695,-0.064066,0.8228089
0.200301,-0.1917288,0.9607911
0.124087,-0.2239168,0.9666767
-0.581205,0.6052359,0.5439583
-0.342424,0.3599284,0.8678696
0.431702,-0.2292328,0.8724019
-0.58028,0.7896896,-0.1991601
0.104228,-0.4835864,0.8690693
-0.179916,-0.06293279,0.9816665
-0.395985,0.9065487,-0.1461659
0.156052,0.4062263,0.9003487
0.0134584,0.9422488,0.3346445
0.0899331,0.1898504,0.977686
-0.486435,0.3160568,0.8145487
0.132697,0.9891685,0.06275465
0.379005,-0.7643098,0.5217142
-0.454024,0.7061316,0.5433605
0.298712,0.2346256,0.9250526
0.41836,-0.01912034,0.9080803
-0.789953,-0.6055532,-0.0963325
0.110075,-0.6777258,0.727029
0.30678,0.2837488,0.9085004
0.76649,0.497132,0.4066375
0.598719,-0.7898219,0.1331004
-0.597195,0.2617999,0.7581686
0.0831704,-0.04089113,0.9956962
0.16721,0.2015538,0.965099
-0.360995,0.7410646,0.5661328
0.819161,0.2763531,0.5025971
0.811759,-0.4695706,0.3472036
-0.447444,0.540187,0.712735
0.584252,0.2467074,0.7731665
-0.429329,-0.1458448,0.8912951
-0.730655,0.6174314,-0.2914153
0.492859,-0.84702,0.1991162
-0.776939,0.003849532,0.629564
0.698021,0.00988695,0.7160087
0.432538,-0.8740871,-0.2210965
0.455695,-0.1526058,0.8769574
-0.976099,-0.1003797,-0.1927582
0.00420904,-0.7911966,0.6115472
0.726154,-0.6809336,0.09502943
-0.0540106,0.9893988,-0.1348053
0.191991,-0.8993936,-0.3927222
0.354238,-0.9073074,0.2265158
-0.510143,0.281561,0.812698
0.786056,-0.5891767,-0.1870487
0.101492,0.9265682,0.3621762
-0.553147,0.7127256,0.4313365
-0.315713,0.8462616,0.4291459
0.995022,0.08531155,-0.05151431
-0.698769,0.0744499,0.7114627
0.957413,0.2487134,0.1466372
0.615112,-0.7873373,-0.04166756
-0.408104,0.9018557,0.1418031
-0.259668,-0.853647,-0.4515088
-0.610335,0.7458203,-0.2669134
-0.721549,0.636815,0.271724
0.321361,-0.1177764,0.9396039
-0.248726,0.7667986,0.5917383
0.8673,-0.05311893,0.4949423
-0.575724,-0.4990385,0.6476903
0.571824,-0.5643608,0.5954115
0.238124,-0.5114102,0.8256856
-0.308829,0.5820827,0.7521995
-0.467374,0.7253082,0.5054607
0.825144,-0.1909664,0.5316663
0.0734047,-0.2436127,0.9670908
-0.8721,0.1823088,0.4540973
0.218934,0.9446944,0.2441735
0.077001,-0.9948376,-0.06609937
-0.826737,-0.3124229,0.4678651
0.424413,0.1447278,0.8938273
-0.754497,0.5977287,0.2710244
0.115003,0.6335899,0.7650741
0.658536,-0.08867006,0.747307
-0.582332,0.8058556,-0.1071735
-0.540452,0.3451032,0.7673433
-0.281165,0.1525377,0.9474595
-0.625677,-0.2432701,0.7411805
0.180222,-0.8807055,0.4380385
-0.326664,0.9441628,-0.04297947
0.401584,-0.9127225,0.07528937
-0.736543,0.5530788,0.3893683
0.571536,0.8094499,0.1346759
0.419978,0.4835366,0.7679918
-0.935682,0.2218919,0.27434
-0.187285,0.517764,0.8347718
0.896402,-0.4055677,0.1788231
-0.121402,0.4830338,0.8671449
0.84553,-0.5051166,0.1730179
-0.0329579,-0.02793109,0.9990666
0.537847,-0.5392905,0.6479864
-0.325278,0.3373591,0.883393
0.623664,-0.277701,0.7307019
0.133306,-0.2078581,0.9690326
0.39117,-0.6213138,0.6789372
-0.312428,-0.8603852,0.4026476
0.404553,-0.07297652,0.9115986
0.678086,0.2714003,0.6830381
0.848396,-0.402338,0.3440189
-0.72978,0.6642699,0.161759
-0.559501,-0.8140413,-0.1558685
-0.943667,0.271342,0.1893824
-0.875846,0.3806932,0.2965901
0.462861,0.4258029,0.7774644
0.137155,0.5093791,0.8495414
-0.479429,-0.6182562,0.6228215
0.293522,-0.2279282,0.9283822
-0.566677,0.8209821,0.06975352
0.840298,-0.1205349,0.5285556
-0.309761,-0.8402603,-0.4449843
0.150646,0.7163484,0.6812862
0.0592608,-0.9982324,-0.004480332
-0.157056,0.6867931,0.7096814
0.480752,-0.860574,-0.1681957
-0.48389,-0.7850598,0.3866929
-0.84067,0.4668513,0.2744523
-0.0691567,0.2122439,0.9747663
-0.106959,0.2099488,0.9718445
-0.455475,-0.2519036,0.8538657
-0.00347023,-0.8052794,0.5928851
0.0470718,0.6884037,0.7237993
-0.0282057,0.4657707,0.8844562
-0.361822,0.5116107,0.77932
-0.137087,0.9700055,-0.2007381
0.137074,0.8545199,0.5010052
0.0981927,0.6462432,0.7567882
0.376468,-0.6470955,0.6629779
-0.716814,-0.5329662,0.449584
0.736955,-0.06141558,0.673146
-0.160973,-0.5523198,0.8179426
0.140405,-0.5479586,0.8246377
0.303533,0.3613535,0.8816412
0.0623904,0.9641862,0.2577853
-0.343625,0.2135482,0.9145053
0.188307,0.06849124,0.9797188
-0.139562,0.3477331,0.9271488
-0.474795,-0.4335565,0.7658971
0.289441,-0.8870087,-0.3597775
-0.162346,-0.4410645,0.8826701
0.511965,0.8440342,0.1596793
-0.277412,0.1790979,0.9439102
-0.416308,0.4606884,0.7838716
0.557057,0.7062547,0.4369121
0.598204,0.3568778,0.7174883
0.590237,-0.8017114,-0.09422719
0.442561,-0.1209867,0.8885396
0.123966,0.2890697,0.9492479
0.73832,-0.5846765,0.3362104
-0.617955,0.3557067,0.7011455
-0.849649,0.4009605,0.3425314
-0.0372573,-0.974757,0.220137
-0.336603,0.6683116,0.6633686
-0.136704,-0.7851607,0.6040154
-0.461096,0.7946433,0.3948821
0.465075,0.708723,0.5304878
-0.718508,-0.663481,0.2086585
-6.61165e-05,0.3727956,0.927913
0.692764,-0.6616191,0.2869469
0.00128558,0.001034684,0.9999982
-0.781883,0.4376999,0.4439354
-0.233741,-0.06128927,0.9703654
0.531027,-0.7080995,0.4654095
0.175213,0.6869443,0.7052711
-0.58954,-0.4536586,0.6683094
0.222356,0.3774872,0.8989224
-0.216558,0.9448406,0.2457198
0.360145,0.8276839,0.4303899
-0.887631,-0.04405926,0.4584431
0.0830204,0.05532909,0.9950106
0.83306,-0.01120661,0.5530687
0.898522,-0.3670998,0.2406165
-0.692391,0.6383099,0.3363845
0.335156,-0.822018,0.4603876
0.0630926,0.3829287,0.9216208
-0.633099,0.7663706,0.1089116
-0.126921,0.8581707,0.4974264
-0.742471,0.6678248,0.05241299
0.0826195,-0.5849497,0.8068509
0.361917,0.8735184,0.3255479
-0.00154781,-0.6712364,0.7412425
0.976773,0.1886625,0.1015882
-0.626342,0.7680459,0.1334231
0.330514,0.1754384,0.9273517
-0.641047,0.3153318,0.6997316
0.18667,0.9012616,-0.391002
-0.294661,-0.07144186,0.9529275
-0.183661,-0.2319797,0.9552248
-0.361686,0.8234728,0.4371227
0.114308,0.9717747,0.2063673
0.639389,0.5254203,0.561352
-0.0752108,0.4461246,0.8918051
0.234208,0.800299,0.5519672
-0.772825,0.5987838,0.2102357
-0.199171,0.5499352,0.8111122
-0.472729,0.01858902,0.8810117
0.441625,0.4585614,0.771161
-0.462731,0.7040394,0.5387109
-0.734171,0.6298891,0.2534431
0.528896,0.631395,0.5671065
-0.390439,-0.9159493,-0.09270634
-0.347659,0.2726485,0.8971049
-0.990843,0.1277545,0.04369428
0.610744,-0.7571763,0.2316798
-0.728661,0.6840397,0.03381275
-0.778906,0.3763836,0.5016391
-0.0344631,0.5805677,0.8134823
-0.139176,0.738287,0.6599706
0.236114,-0.5278776,0.8158402
-0.0795114,0.3993168,0.9133586
-0.371608,-0.756627,0.5379807
-0.362199,0.234211,0.9021955
-0.346292,0.4158735,0.8409112
-0.529495,0.1206537,0.8396888
-0.56723,0.5101489,0.6465282
0.220187,0.5831726,0.7819386
-0.318038,0.8790147,0.3552257
-0.0798109,0.2205616,0.9721024
-0.499844,-0.8609057,-0.09485728
-0.0465924,0.8134241,0.5798023
0.0360539,0.8314731,0.5543945
0.00260855,-0.9560252,0.2932735
-0.495245,0.8474463,-0.1912249
0.598609,-0.7958137,-0.09136063
0.190103,-0.05668446,0.9801268
0.860617,-0.1811834,0.4759306
-0.55271,0.2187496,0.8041521
-0.0910343,-0.4062535,0.9092143
-0.0177884,0.8510467,0.5247881
-0.198599,-0.892657,0.4046252
0.166281,-0.7420472,0.649398
-0.17146,0.3369653,0.9257729
0.258915,0.9120305,0.3180614
-0.297646,0.7292539,0.6161139
-0.618833,-0.7833247,-0.05871943
0.336728,0.2949295,0.8942202
-0.623006,0.2538311,0.7398871
-0.725809,0.2303458,0.6481835
-0.484398,-0.8748431,-0.002775501
0.555714,0.570601,0.6046463
-0.4788,-0.1204433,0.8696233
0.0102045,0.4381643,0.8988371
0.793732,-0.5257953,0.3058246
0.38251,0.5300844,0.7567665
0.60684,-0.1595701,0.7786419
0.580427,-0.2753888,0.7663334
-0.211326,-0.8266037,0.5216016
0.00918093,0.6491164,0.7606332
-0.512409,-0.344398,0.7866554
0.511462,0.5330296,0.6740081
-0.0426989,0.06402011,0.9970352
0.0608997,-0.0241042,0.9978525
0.308991,0.3598171,0.8803723
0.000921786,0.09041825,0.9959036
-0.270806,0.01014483,0.9625804
-0.766692,-0.03949635,0.6407984
-0.180644,-0.3316303,0.925953
-0.0522126,0.409941,0.9106162
-0.0265815,-0.8049816,0.5927045
0.391676,0.8454714,0.3629998
-0.273132,0.910675,-0.309952
-0.549865,0.4050738,0.7304541
0.0907005,-0.2409679,0.9662852
-0.606814,0.5984147,0.523141
0.952138,0.06299375,0.2991056
-0.436046,0.2069013,0.8758176
-0.645765,0.5314463,0.5482265
0.721327,-0.1800385,0.668785
-0.42323,-0.05820014,0.9041507
0.105041,0.1460442,0.9836853
-0.656386,-0.7514516,0.0669181
-0.101097,-0.9878339,0.1181647
0.421543,-0.8955843,0.1422356
-0.210684,-0.5364062,0.8172395
-0.568177,-0.6972989,0.4369776
0.260769,-0.005126938,0.965387
0.0173302,-0.9662468,0.2570332
0.0979611,0.9929036,0.06742422
-0.926378,0.03884244,0.3745861
-0.970072,0.1173921,-0.2125563
-0.351951,0.9074954,0.2293075
-0.864241,0.2731075,0.4224912
-0.914786,0.3812349,-0.1335166
0.407209,0.2696855,0.8726115
-0.169449,0.4172393,0.8928595
0.994436,-0.064724,-0.08311175
-0.156725,0.634645,0.7567449
0.653343,0.2861807,0.7008885
0.459513,-0.8834727,0.09123144
0.0596796,-0.02377988,0.997934
0.0329078,-0.4093539,0.9117817
-0.0344238,0.973723,0.2251207
-0.32576,-0.1029086,0.9398348
-0.354707,0.8559053,0.3763092
-0.634134,-0.6567166,0.4081639
-0.510884,0.5181362,0.6859536
-0.127011,0.2802661,0.9514825
0.051368,0.8108209,0.5830362
-0.142794,-0.007550836,0.9897239
0.781818,-0.2265211,0.5809029
0.411986,-0.5184922,0.7492892
0.892398,0.1229046,0.434189
0.0295489,0.1950596,0.9803463
0.799354,0.03452602,0.5998676
0.422088,-0.9057318,0.03861315
-0.244963,0.8855776,0.3946455
-0.212465,0.6533965,0.7265887
-0.843813,0.2422263,0.4788584
0.667993,-0.2942308,0.6835309
0.152075,-0.9153985,0.3727192
-0.567359,0.496518,0.6569428
-0.482159,0.1390409,0.8649803
0.248488,0.4054156,0.8797111
0.0886054,-0.01937972,0.9958783
-0.723527,0.4513357,0.5223082
-0.318923,0.4170444,0.8510948
-0.186066,-0.6922416,0.6972668
-0.712026,0.6439491,-0.2799065
0.0378232,-0.5942441,0.8033955
-0.0728212,-0.9385951,0.3372487
-0.555539,0.5300888,0.6406106
0.462163,0.4002498,0.7913314
-0.225253,0.427854,0.8753294
0.687653,-0.6795105,0.2557339
-0.632993,0.7678845,-0.09834729
0.407169,-0.1884101,0.8937082
0.640146,-0.2175202,0.7368158
-0.953669,-0.1719665,-0.246867
-0.448375,0.08133642,0.8901376
-0.0160778,0.1791857,0.9836842
-0.493545,-0.666633,0.5585811
-0.166624,-0.1338005,0.9769003
0.314504,-0.03677787,0.9485434
-0.382103,-0.9118626,0.1500108
0.182321,-0.03283978,0.9826901
-0.0197542,0.3552781,0.9345521
-0.20827,0.8396172,0.5016628
-0.0396866,-0.07584857,0.9963295
-0.443157,0.4960321,0.7467025
0.798095,-0.5771267,-0.1731156
-0.465898,-0.3793966,0.799373
-0.582165,0.7057827,0.4036759
0.879267,-0.2713711,-0.391468
-0.446615,0.7429206,0.4986021
-0.0606449,-0.4802977,0.8750065
-0.446817,0.4863591,0.7508723
-0.156323,-0.7833358,0.6016212
0.00719041,-0.6116884,0.7910668
0.994529,-0.03534069,-0.09829772
0.943262,-0.3095828,0.1200651
0.187246,0.7020414,0.6870782
-0.847545,0.5118786,0.1401726
0.0545339,0.9091441,0.4128953
-0.194725,0.2618454,0.9452616
-0.275465,0.3965153,0.8757254
-0.168487,-0.1817076,0.9688112
0.252852,-0.7106581,0.65653
-0.0431344,0.7156557,0.6971198
-0.601312,-0.03251693,0.7983526
-0.310968,-0.4681212,0.8271407
0.103199,0.8531313,0.5113866
-0.783999,-0.6143293,0.08913893
0.997561,-0.009781966,0.06910635
0.150634,0.9744782,0.1664373
0.711469,-0.5104055,0.4830096
0.109263,0.9104509,0.3989258
0.726431,0.6281412,-0.2788119
0.868716,-0.4508509,0.2050996
-0.282322,0.3734772,0.8836344
0.857869,0.1202131,-0.4996096
0.695717,-0.5335044,0.4809902
0.016143,-0.9172434,-0.3980004
-0.207734,0.4783025,0.8532725
0.828267,-0.2521807,0.5003799
-0.824749,-0.5247311,0.210823
-0.359313,0.5676278,0.7407382
0.483619,-0.2610244,0.8354518
-0.546313,0.8263772,0.1365407
-0.22662,0.04216074,0.9730704
0.685444,0.1173075,0.7186137
-0.464594,0.8697682,-0.1662981
-0.568138,0.2251832,0.7915252
-0.0720223,0.9625333,0.2614257
0.188394,-0.003272761,0.9820884
-0.134205,0.8850213,0.4457864
-0.086233,0.703917,0.7050285
0.316449,0.06262596,0.9465401
0.939366,0.1441185,0.3111612
0.280697,-0.7117855,0.6438723
0.0787259,0.9523508,0.2946699
0.0845692,-0.1526716,0.9846517
-0.568956,-0.513465,0.6423719
-0.432549,0.1459948,0.8897117
-0.283626,-0.4721309,0.8346547
0.688828,-0.150636,0.7091017
-0.355081,0.04611581,0.933697
-0.0936624,-0.51929,0.8494498
-0.854698,0.07675564,0.5134196
0.514263,-0.3270746,0.7928153
0.412419,0.08255658,0.907246
-0.628868,0.04109115,0.7764252
0.700659,-0.6744002,0.2329398
0.417086,0.7542351,0.5071184
0.167406,0.8908392,0.4223515
-0.667233,0.5389252,0.5141599
0.842605,-0.2531871,0.4753042
0.545779,0.2222797,0.8079092
-0.467152,0.04087872,0.8832316
0.976841,-0.129606,-0.1702449
-0.277073,0.4923927,0.8250936
-0.0678211,0.4411691,0.8948579
0.829311,-0.4150286,0.3741595
0.0923807,0.5001767,0.8609812
-0.39484,0.9106209,0.1219459
-0.362392,0.7942257,0.4877261
0.475904,-0.08512947,0.875368
-0.957027,-0.2598066,0.1288399
-0.24038,0.005471546,0.970664
0.862383,0.476355,-0.1714127
-0.501148,0.644649,0.5773029
-0.66207,0.7279499,0.1781899
0.0983894,0.9319322,0.3490301
0.318932,0.8738641,0.3669393
0.659664,-0.7503923,0.04187942
-0.458109,-0.04573775,0.8877188
-0.195165,0.3965849,0.8970118
-0.417631,0.1149074,0.9013216
-0.637081,0.7297249,0.2482546
-0.219406,-0.2339922,0.9471585
-0.0314747,0.2490639,0.9679759
-0.611574,-0.1502187,0.7767956
-0.773024,0.6104448,0.1726026
0.451859,0.7681556,0.4536079
-0.496664,-0.8018383,0.3322349
-0.0190007,-0.6959874,0.7178021
-0.664253,-0.1169802,0.7382976
0.100453,0.2122613,0.9720361
-0.298579,-0.15363,0.9419382
-0.411345,-0.5153989,0.7517703
0.576389,-0.3836252,0.7215308
-0.31815,0.8409624,0.437679
-0.825288,-0.549553,0.1299648
0.901882,-0.3947973,-0.1753405
0.760601,-0.6182609,-0.1980877
-0.0615702,0.2255317,0.9722878
0.936167,-0.2473466,-0.2498229
-0.438485,-0.4593074,0.7725073
0.54345,-0.0709653,0.8364366
0.00418273,0.9986586,0.05159957
0.930486,0.2864631,-0.2283294
-0.412783,0.44864,0.7926744
0.082602,-0.6137806,0.7851437
-0.267819,0.9630101,-0.02974733
-0.337755,0.9319294,-0.1320183
0.44795,0.124568,0.8853387
-0.287663,0.2247667,0.9309832
-0.191386,0.908132,0.3723817
0.745542,-0.2857465,0.6020939
0.786558,0.1712282,0.5933022
-0.551165,0.1090525,0.8272398
-0.368836,-0.8843016,-0.2863066
0.121224,0.3327096,0.9352054
0.022177,-0.4850043,0.8742305
-0.106515,0.950048,0.2933677
0.237314,-0.4658313,0.8524574
-0.931587,-0.3471053,0.1079992
-0.0692269,-0.4946551,0.8663279
0.278327,-0.9209999,0.2725669
-0.0111287,0.1769283,0.9841614
0.938318,0.1333638,0.3190205
0.279502,0.05927507,0.9583139
-0.643733,-0.7492236,0.1557914
0.682772,-0.5952088,0.4237328
-0.827031,0.2791597,0.4879434
0.917916,-0.2129004,0.3348176
-0.502102,0.8619983,0.06965375
0.760882,-0.5385829,0.3619204
-0.489182,0.2197253,0.8440512
0.141325,0.6700482,0.7287406
0.686031,0.4390398,0.5801772
-0.932461,-0.09539403,-0.3484484
-0.314716,0.2787636,0.9073281
0.80748,-0.4847163,0.3361949
-0.945073,0.03486231,0.3249953
0.100748,0.5085827,0.8550984
0.696762,-0.3068938,0.6483353
-0.0311282,-0.9637517,-0.2649772
-0.425589,0.5246633,0.7372947
-0.75933,-0.2712832,0.5914581
-0.21905,0.05821959,0.9739755
-0.68506,0.7274878,0.0381388
0.959245,-0.1050843,0.2623103
-0.274374,-0.3439871,0.8979929
-0.84587,-0.04572035,0.5314258
0.55291,0.8085377,-0.201388
-0.378773,0.4986463,0.7796687
-0.895556,0.002113324,0.4449447
-0.474257,0.8758083,0.08966216
0.169183,0.6777477,0.715567
-0.624294,-0.3159595,0.7144416
0.195274,0.1204877,0.9733191
-0.837745,0.2453485,0.4878401
-0.151448,-0.2729819,0.950023
-0.558291,-0.3523622,0.7511012
0.597654,0.6182375,0.5104827
0.308388,-0.8579916,0.410789
-0.526392,-0.3530262,0.7734887
0.166182,0.8373894,0.5207325
-0.652073,0.7302179,0.203916
0.453703,0.8259748,0.3345434
-0.429437,0.2969493,0.8528805
-0.149159,0.7193024,0.6784951
0.176421,0.4630035,0.8686212
-0.137983,0.2965617,0.944993
0.644953,0.02055436,0.763945
-0.315294,-0.9339656,0.1682209
0.577941,-0.636556,0.510667
-0.718877,0.6934665,0.04815882
-0.663957,0.6942441,0.2778261
0.337782,0.08001801,0.9378169
-0.580094,0.7953972,-0.1755942
-0.694116,0.6743218,0.2519782
0.931174,-0.0728384,0.3572263
-0.316526,0.5187596,0.7941662
-0.275278,0.7926717,0.5439606
0.319578,-0.1006977,0.9421943
-0.655781,-0.6975456,0.2887576
-0.129001,0.07545969,0.9887692
0.654154,-0.2001206,0.7294067
-0.263517,-0.04979862,0.9633681
-0.00204486,-0.0005077161,0.9999973
-0.157064,0.7801089,0.6056083
0.319919,0.8338947,0.449747
-0.335518,0.5984877,0.7274888
-0.388221,0.1261663,0.9128894
-0.828062,0.5595428,-0.03500165
0.795902,-0.4966718,-0.3462034
-0.191133,-0.03366667,0.9809868
0.0989013,-0.1283694,0.9867828
0.874492,-0.4266581,0.2307072
0.626701,-0.3471019,-0.6976864
0.676425,-0.2646963,0.6873028
-0.163026,-0.07137457,0.9840361
-0.690433,0.6681566,0.2772529
-0.60895,0.6940133,0.3840902
0.401287,-0.7549456,0.5186771
-0.441431,0.167904,0.8814461
0.0445526,0.434528,0.8995552
0.782696,-0.4712828,-0.4065462
0.141047,-0.2069071,0.9681396
0.0428729,-0.2943323,0.9547407
-0.456018,-0.6584008,0.5987954
0.130137,0.6267219,0.7682992
0.160625,0.2768481,0.9473938
0.0758073,-0.4179704,0.9052929
0.342445,-0.6883716,0.6394337
0.503234,-0.5051528,0.7011257
0.191887,-0.9714912,0.1392274
-0.221257,-0.06078434,0.9733199
-0.0311338,0.2059014,0.9780777
0.853576,0.3158428,-0.4143077
-0.340891,0.3227748,0.8829555
-0.858638,0.3877964,0.3351923
0.230501,-0.4640509,0.8552928
-0.317694,0.3684689,0.8736712
-0.00926155,-0.5976228,0.801724
-0.524572,-0.4935415,0.6937152
0.0301485,0.2299066,0.9727454
0.0829843,0.4445482,0.8919033
-0.214699,0.38713,0.8966805
0.819688,-0.3233629,0.4728079
-0.389001,-0.9131362,-0.1219082
0.71534,-0.5736495,0.3990187
-0.418443,-0.05817304,0.9063778
0.416635,0.4598176,0.7842085
-0.234311,0.006744049,0.9721388
-0.331297,0.5315664,0.7795375
0.176311,0.8901807,0.4201107
0.0997338,0.5275739,0.8436342
0.226885,0.06422496,0.9718013
0.0573678,0.106166,0.9926921
-0.924734,-0.1586421,0.3459775
0.364927,0.9236175,0.117296
0.354413,-0.9346339,-0.02916507
0.226713,-0.8264114,0.5154083
0.367345,-0.9085222,0.1991134
0.0818153,-0.8128473,0.576702
-0.442211,-0.1332757,0.8869537
-0.458302,0.7199119,0.5212361
0.345292,0.7685707,0.5385836
0.0121079,-0.03570788,0.9992887
0.963838,-0.1072027,0.2439731
-0.289695,-0.9202471,0.2631015
-0.111613,0.9240921,0.3655083
-0.685268,-0.6362931,0.3543141
0.0533732,0.1898311,0.9803651
-0.746702,0.4832978,0.4570113
-0.683403,0.4002005,0.6105736
-0.564508,-0.6751124,-0.4749257
-0.601201,0.00230889,0.7990948
0.335304,0.05460474,0.9405265
-0.381388,7.093698e-05,0.9244155
-0.594156,-0.08872022,0.7994417
0.957369,-0.09551392,0.2726206
0.911324,-0.06847895,0.4059542
-0.64223,-0.1957223,0.7411029
-0.204289,0.1014319,0.9736412
0.397139,-0.06961666,0.9151145
-0.799884,0.1952534,0.5675049
0.290862,0.1900647,0.9376965
-0.587767,0.6849758,0.4305084
-0.126705,-0.9486994,0.2896834
-0.976438,0.1527124,0.1524747
-0.849865,0.3152721,0.4222943
-0.220398,0.2834356,0.9333217
0.066765,0.2928356,0.9538295
0.200509,-0.94378,0.2628223
-0.219059,-0.9705527,0.1001993
-0.896037,-0.435064,-0.08852351
0.638375,0.641225,0.425803
-0.101029,-0.2522318,0.9623783
0.30128,-0.3571512,0.884123
0.147974,0.8501503,0.5053194
0.700178,0.349273,-0.6227037
-0.640692,0.5192659,0.5655759
-0.265836,0.9048206,0.3326124
0.0175715,0.3425999,0.9393175
0.296699,-0.1302527,0.9460462
-0.14457,0.5950988,0.7905424
0.370883,0.01654666,0.9285322
0.473239,-0.1568825,0.8668519
0.0510352,0.1263173,0.9906764
-0.0341448,-0.366197,0.9299103
-0.523661,0.03576558,0.8511763
-0.159096,-0.98628,-0.04405472
-0.29804,0.4276424,0.8534018
0.47209,-0.5759826,0.6673647
0.545563,0.6605359,0.5158031
0.764915,0.2946405,0.5727928
0.861318,-0.2037098,-0.4654405
0.153082,0.2610643,0.953106
0.316423,-0.2269137,0.9210795
-0.357997,0.4292167,0.8292239
-0.333232,-0.5509935,0.7650896
-0.660139,0.2022901,0.7233913
-0.607171,-0.6726795,0.4229017
0.100841,-0.4702787,0.8767381
-0.466916,0.6113418,0.6389452
0.105608,-0.117985,0.987384
-0.308871,0.9366256,0.1653223
-0.562843,0.5489256,0.6179706
-0.153389,0.336458,0.9291218
-0.541457,0.05053752,0.8392082
-0.546551,0.8373548,-0.01091611
-0.792605,0.5545641,0.2534494
-0.281407,0.410574,0.8673176
0.603878,0.7954388,0.05107063
0.114448,0.8640766,0.4901769
-0.547677,0.8224689,-0.153607
-0.667385,0.4310679,0.6072702
-0.778963,0.2716515,0.5651743
0.324075,0.7622948,0.5602523
-0.32492,0.5358087,0.7793174
-0.40907,0.6916727,0.5951889
-0.815218,-0.5783596,0.03032853
0.655866,0.1081392,0.7470913
-0.4031,0.8215516,0.4031911
0.088972,0.3119906,0.9459105
0.212088,0.7446346,0.6328807
-0.731387,0.6443539,0.2233399
0.971234,0.1381656,0.1939472
0.99038,-0.1199704,0.06895418
0.662136,0.1165009,0.7402729
0.840201,-0.1328578,0.5257493
0.865232,-0.1460885,0.4796154
0.150783,0.3509903,0.9241594
0.706646,-0.3204172,0.6308597
0.114979,0.4223468,0.8991125
0.345142,-0.9377838,-0.03791432
-0.319299,0.07468289,0.9447066
0.0259,0.8702205,0.4919813
-0.801483,-0.5789266,0.1498988
-0.493417,0.03033454,0.8692639
0.97174,0.153739,0.1791258
-0.136666,-0.9749611,-0.1754213
-0.655199,0.3003319,0.6931918
0.350758,0.1178964,0.929015
-0.535201,0.751853,0.385068
-0.535759,0.8203614,0.1999253
-0.247605,0.5311715,0.8102773
0.865786,-0.3421398,0.3651775
-0.0595505,-0.9980377,0.0193395
0.378089,0.1293773,0.9166845
-0.599107,0.04229539,0.7995504
0.121036,-0.7185196,0.6848943
-0.578905,0.8015033,-0.1498751
-0.981415,0.04651295,0.1861739
-0.263261,0.2995119,0.917053
0.0632649,0.5070702,0.8595793
0.535094,-0.491288,0.687248
0.387921,-0.7773199,0.4952691
-0.774699,0.6174747,0.1362579
-0.214785,-0.4212925,0.8811246
-0.578594,0.4785103,0.6604971
0.373367,0.323732,0.8693647
0.618889,-0.3681376,0.6938667
-0.893166,0.2662966,0.36241
-0.304067,0.5696512,0.7635703
-0.43479,0.6027282,0.6690858
0.242337,-0.2888993,0.9261805
0.330828,-0.2852154,0.8995582
0.545235,-0.6493388,0.530169
-0.137433,-0.1464072,0.9796311
